time,x-acceleration,y-acceleration,z-acceleration
0.000,0.627,1.999,0.034
0.020,0.709,1.999,0.085
0.040,0.793,1.999,0.128
0.060,0.746,1.999,0.077
0.080,0.626,1.999,-0.010
0.100,0.572,1.128,-0.116
0.120,0.590,-0.232,-0.168
0.140,0.720,-1.278,-0.172
0.160,0.805,-1.880,-0.152
0.180,0.849,-2.000,-0.160
0.200,0.775,-1.712,-0.167
0.220,0.662,-0.884,-0.133
0.240,0.579,0.348,-0.107
0.260,0.573,1.706,-0.020
0.280,0.678,1.999,0.062
0.300,0.729,1.999,0.147
0.320,0.800,1.999,0.101
0.340,0.664,1.999,0.061
0.360,0.589,1.851,-0.064
0.380,0.537,0.432,-0.081
0.400,0.632,-0.782,-0.145
0.420,0.762,-1.635,-0.163
0.440,0.793,-2.000,-0.149
0.460,0.779,-1.988,-0.142
0.480,0.711,-1.449,-0.140
0.500,0.629,-0.412,-0.114
0.520,0.543,0.886,-0.078
0.540,0.588,1.999,0.040
0.560,0.692,1.999,0.116
0.580,0.751,1.999,0.103
0.600,0.637,1.999,0.019
0.620,0.580,1.239,-0.076
0.640,0.574,-0.106,-0.136
0.660,0.735,-1.825,-0.175
0.680,0.814,-2.000,-0.170
0.700,0.786,-1.744,-0.150
0.720,0.723,-0.974,-0.133
0.740,0.602,1.554,-0.038
0.760,0.654,1.999,0.045
0.780,0.741,1.999,0.099
0.800,0.786,1.999,0.102
0.820,0.599,1.999,-0.050
0.840,0.569,0.645,-0.121
0.860,0.610,-0.629,-0.165
0.880,0.694,-1.512,-0.171
0.900,0.814,-1.979,-0.165
0.920,0.748,-1.534,-0.150
0.940,0.643,-0.534,-0.123
0.960,0.542,0.726,-0.077
0.980,0.684,1.999,0.110
1.000,0.737,1.999,0.137
1.020,0.726,1.999,0.088
1.040,0.626,1.999,0.012
1.060,0.557,-0.005,-0.125
1.080,0.658,-1.109,-0.151
1.100,0.748,-1.835,-0.172
1.120,0.793,-2.000,-0.151
1.140,0.695,-1.132,-0.133
1.160,0.575,0.045,-0.116
1.180,0.558,1.381,-0.033
1.200,0.648,1.999,0.061
1.220,0.801,1.999,0.143
1.240,0.687,1.999,0.060
1.260,0.613,1.999,-0.038
1.280,0.575,0.790,-0.085
1.300,0.730,-1.386,-0.141
1.320,0.791,-1.957,-0.172
1.340,0.814,-1.992,-0.160
1.360,0.736,-1.541,-0.172
1.380,0.586,0.605,-0.094
1.400,0.600,1.999,0.004
1.420,0.666,1.999,0.070
1.440,0.749,1.999,0.132
1.460,0.763,1.999,0.072
1.480,0.624,1.999,0.028
1.500,0.572,1.557,-0.071
1.520,0.576,0.145,-0.135
1.540,0.643,-0.994,-0.159
1.560,0.732,-1.783,-0.161
1.580,0.795,-2.000,-0.157
1.600,0.795,-1.919,-0.163
1.620,0.689,-1.272,-0.149
1.640,0.586,-0.127,-0.136
1.660,0.556,1.167,-0.046
1.680,0.624,1.999,0.047
1.700,0.717,1.999,0.105
1.720,0.789,1.999,0.143
1.740,0.684,1.999,0.072
1.760,0.617,1.999,0.003
1.780,0.553,0.946,-0.105
1.800,0.571,-0.319,-0.147
1.820,0.654,-1.354,-0.175
1.840,0.787,-1.950,-0.170
1.860,0.825,-1.996,-0.158
1.880,0.748,-1.626,-0.162
1.900,0.687,-0.771,-0.125
1.920,0.592,0.490,-0.091
1.940,0.598,1.899,-0.009
1.960,0.691,1.999,0.064
1.980,0.750,1.999,0.141
2.000,0.804,1.999,0.099
2.020,0.676,1.999,0.043
2.040,0.618,1.760,-0.069
2.060,0.647,-0.856,-0.150
2.080,0.747,-1.680,-0.158
2.100,0.827,-2.000,-0.155
2.120,0.810,-1.907,-0.157
2.140,0.624,-0.258,-0.117
2.160,0.564,1.048,-0.057
2.180,0.611,1.999,0.043
2.200,0.685,1.999,0.097
2.220,0.693,1.999,0.076
2.240,0.585,1.999,0.000
2.260,0.563,1.054,-0.091
2.280,0.533,-0.278,-0.153
2.300,0.728,-1.914,-0.184
2.320,0.789,-2.000,-0.149
2.340,0.776,-1.751,-0.171
2.360,0.648,-0.885,-0.141
2.380,0.594,1.681,-0.024
2.400,0.670,1.999,0.057
2.420,0.720,1.999,0.128
2.440,0.767,1.999,0.089
2.460,0.587,1.908,-0.070
2.480,0.548,0.526,-0.109
2.500,0.625,-0.715,-0.151
2.520,0.752,-1.605,-0.167
2.540,0.839,-1.919,-0.133
2.560,0.725,-1.377,-0.168
2.580,0.652,-0.371,-0.125
2.600,0.566,0.922,-0.077
2.620,0.741,1.999,0.102
2.640,0.835,1.999,0.137
2.660,0.758,1.999,0.100
2.680,0.647,1.999,0.013
2.700,0.551,-0.117,-0.145
2.720,0.642,-1.189,-0.171
2.740,0.736,-1.867,-0.164
2.760,0.822,-2.000,-0.168
2.780,0.631,-1.032,-0.139
2.800,0.560,0.125,-0.104
2.820,0.555,1.522,-0.013
2.840,0.666,1.999,0.068
2.860,0.750,1.999,0.112
2.880,0.656,1.999,0.064
2.900,0.596,1.999,-0.061
2.920,0.558,0.573,-0.088
2.940,0.740,-1.537,-0.158
2.960,0.793,-2.000,-0.171
2.980,0.827,-1.984,-0.154
3.000,0.703,-1.501,-0.171
3.020,0.566,0.783,-0.088
3.040,0.627,1.999,-0.005
3.060,0.673,1.999,0.078
3.080,0.832,1.999,0.127
3.100,0.688,1.999,0.021
3.120,0.609,1.403,-0.094
3.140,0.575,0.041,-0.136
3.160,0.683,-1.068,-0.183
3.180,0.826,-2.000,-0.168
3.200,0.805,-1.822,-0.169
3.220,0.688,-1.135,-0.149
3.240,0.609,0.041,-0.117
3.260,0.762,1.999,0.116
3.280,0.769,1.999,0.133
3.300,0.685,1.999,0.073
3.320,0.615,1.999,-0.024
3.340,0.598,-0.508,-0.150
3.360,0.666,-1.488,-0.129
3.380,0.804,-2.000,-0.142
3.400,0.794,-2.000,-0.154
3.420,0.631,-0.656,-0.114
3.440,0.541,0.603,-0.092
3.460,0.600,1.999,0.004
3.480,0.645,1.999,0.080
3.500,0.739,1.999,0.097
3.520,0.652,1.999,0.032
3.540,0.582,1.571,-0.094
3.560,0.583,0.155,-0.125
3.580,0.755,-1.745,-0.150
3.600,0.832,-2.000,-0.182
3.620,0.781,-1.865,-0.169
3.640,0.699,-1.218,-0.142
3.660,0.592,1.999,-0.028
3.680,0.562,0.940,-0.112
3.700,0.593,-0.385,-0.161
3.720,0.708,-1.383,-0.190
3.740,0.821,-2.000,-0.167
3.760,0.751,-1.669,-0.163
3.780,0.668,-0.767,-0.109
3.800,0.571,0.483,-0.085
3.820,0.679,1.999,0.090
3.840,0.717,1.999,0.139
3.860,0.741,1.999,0.097
3.880,0.659,1.999,0.056
3.900,0.511,0.310,-0.101
3.920,0.581,-0.842,-0.165
3.940,0.741,-1.685,-0.167
3.960,0.795,-2.000,-0.127
3.980,0.721,-1.319,-0.142
4.000,0.619,-0.259,-0.106
4.020,0.555,1.076,-0.042
4.040,0.620,1.999,0.044
4.060,0.808,1.999,0.150
4.080,0.740,1.999,0.069
4.100,0.612,1.999,0.006
4.120,0.563,1.088,-0.110
4.140,0.708,-1.290,-0.143
4.160,0.814,-1.899,-0.153
4.180,0.856,-2.000,-0.165
4.200,0.776,-1.712,-0.178
4.220,0.591,0.333,-0.119
4.240,0.611,1.708,-0.035
4.260,0.665,1.999,0.040
4.280,0.708,1.999,0.125
4.300,0.687,1.999,0.049
4.320,0.590,1.907,-0.075
4.340,0.551,0.438,-0.112
4.360,0.606,-0.785,-0.162
4.380,0.784,-1.990,-0.159
4.400,0.785,-1.969,-0.171
4.420,0.717,-1.451,-0.160
4.440,0.593,-0.337,-0.123
4.460,0.611,1.999,0.032
4.480,0.686,1.999,0.123
4.500,0.754,1.999,0.153
4.520,0.710,1.999,0.093
4.540,0.521,1.235,-0.088
4.560,0.554,-0.132,-0.120
4.580,0.686,-1.181,-0.148
4.600,0.755,-1.878,-0.163
4.620,0.763,-1.793,-0.169
4.640,0.706,-1.017,-0.127
4.660,0.597,0.197,-0.101
4.680,0.588,1.520,-0.026
4.700,0.761,1.999,0.129
4.720,0.803,1.999,0.103
4.740,0.686,1.999,0.078
4.760,0.625,1.999,-0.064
4.780,0.638,-0.618,-0.161
4.800,0.750,-1.531,-0.159
4.820,0.832,-1.999,-0.166
4.840,0.839,-1.969,-0.167
4.860,0.647,-0.478,-0.136
4.880,0.544,0.756,-0.090
4.900,0.616,1.999,0.002
4.920,0.691,1.999,0.086
4.940,0.743,1.999,0.085
4.960,0.622,1.999,0.004
4.980,0.553,1.412,-0.097
5.000,0.546,0.041,-0.147
5.020,0.725,-1.814,-0.168
5.040,0.791,-2.000,-0.152
5.060,0.769,-1.844,-0.163
5.080,0.676,-1.103,-0.131
5.100,0.519,1.372,-0.043
5.120,0.598,1.999,0.051
5.140,0.707,1.999,0.103
5.160,0.765,1.999,0.147
5.180,0.585,1.999,-0.033
5.200,0.535,0.769,-0.098
5.220,0.615,-0.534,-0.143
5.240,0.772,-1.486,-0.126
5.260,0.828,-2.000,-0.146
5.280,0.741,-1.575,-0.156
5.300,0.668,-0.634,-0.106
5.320,0.588,0.610,-0.089
5.340,0.702,1.999,0.104
5.360,0.817,1.999,0.136
5.380,0.778,1.999,0.101
5.400,0.666,1.999,0.020
5.420,0.574,0.201,-0.117
5.440,0.657,-0.908,-0.192
5.460,0.742,-1.754,-0.199
5.480,0.799,-2.000,-0.184
5.500,0.687,-1.181,-0.148
5.520,0.605,-0.101,-0.126
5.540,0.551,1.209,-0.054
5.560,0.629,1.999,0.053
5.580,0.749,1.999,0.130
5.600,0.696,1.999,0.065
5.620,0.579,1.999,-0.008
5.640,0.552,0.930,-0.101
5.660,0.684,-1.409,-0.161
5.680,0.758,-1.968,-0.163
5.700,0.833,-2.000,-0.147
5.720,0.736,-1.651,-0.156
5.740,0.582,1.834,0.006
5.760,0.689,1.999,0.083
5.780,0.752,1.999,0.141
5.800,0.751,1.999,0.099
5.820,0.580,1.741,-0.072
5.840,0.532,0.323,-0.134
5.860,0.647,-0.874,-0.176
5.880,0.744,-1.687,-0.137
5.900,0.816,-1.882,-0.157
5.920,0.735,-1.315,-0.152
5.940,0.642,-0.229,-0.115
5.960,0.574,1.100,-0.058
5.980,0.735,1.999,0.101
6.000,0.787,1.999,0.134
6.020,0.719,1.999,0.082
6.040,0.636,1.999,-0.011
6.060,0.554,-0.240,-0.169
6.080,0.681,-1.254,-0.145
6.100,0.810,-1.911,-0.155
6.120,0.816,-2.000,-0.140
6.140,0.668,-0.903,-0.130
6.160,0.566,0.287,-0.117
6.180,0.554,1.676,-0.023
6.200,0.659,1.999,0.054
6.220,0.782,1.999,0.103
6.240,0.650,1.999,0.047
6.260,0.579,1.869,-0.059
6.280,0.552,0.425,-0.104
6.300,0.719,-1.641,-0.173
6.320,0.807,-2.000,-0.144
6.340,0.800,-1.973,-0.160
6.360,0.700,-1.404,-0.157
6.380,0.570,0.886,-0.072
6.400,0.643,1.999,0.035
6.420,0.705,1.999,0.100
6.440,0.765,1.999,0.115
6.460,0.611,1.999,0.013
6.480,0.581,1.287,-0.100
6.500,0.602,-0.097,-0.141
6.520,0.690,-1.197,-0.165
6.540,0.824,-2.000,-0.155
6.560,0.798,-1.748,-0.161
6.580,0.672,-0.980,-0.132
6.600,0.585,0.184,-0.102
6.620,0.652,1.999,0.060
6.640,0.728,1.999,0.124
6.660,0.765,1.999,0.120
6.680,0.679,1.999,0.076
6.700,0.534,0.610,-0.092
6.720,0.585,-0.643,-0.145
6.740,0.711,-1.549,-0.158
6.760,0.792,-2.000,-0.172
6.780,0.727,-1.535,-0.158
6.800,0.634,-0.562,-0.116
6.820,0.562,0.725,-0.093
6.840,0.601,1.999,0.028
6.860,0.744,1.999,0.120
6.880,0.752,1.999,0.101
6.900,0.629,1.999,0.012
6.920,0.583,1.403,-0.088
6.940,0.635,-1.097,-0.197
6.960,0.773,-1.808,-0.169
6.980,0.829,-2.000,-0.163
7.000,0.599,0.088,-0.130
7.020,0.578,1.391,-0.067
7.040,0.666,1.999,0.059
7.060,0.735,1.999,0.118
7.080,0.703,1.999,0.068
7.100,0.611,1.999,-0.039
7.120,0.544,0.798,-0.102
7.140,0.588,-0.485,-0.171
7.160,0.763,-1.957,-0.167
7.180,0.811,-1.989,-0.133
7.200,0.737,-1.602,-0.156
7.220,0.640,-0.641,-0.110
7.240,0.598,1.999,0.011
7.260,0.650,1.999,0.091
7.280,0.714,1.999,0.132
7.300,0.739,1.999,0.098
7.320,0.558,1.550,-0.054
7.340,0.541,0.133,-0.128
7.360,0.663,-1.019,-0.156
7.380,0.729,-1.789,-0.159
7.400,0.768,-1.886,-0.179
7.420,0.673,-1.239,-0.169
7.440,0.625,-0.131,-0.125
7.460,0.577,1.220,-0.035
7.480,0.746,1.999,0.104
7.500,0.779,1.999,0.127
7.520,0.691,1.999,0.066
7.540,0.627,1.999,-0.040
7.560,0.595,-0.378,-0.160
7.580,0.709,-1.353,-0.168
7.600,0.812,-1.887,-0.176
7.620,0.821,-2.000,-0.164
7.640,0.711,-0.755,-0.123
7.660,0.590,0.524,-0.106
7.680,0.616,1.884,-0.024
7.700,0.666,1.999,0.064
7.720,0.799,1.999,0.087
7.740,0.660,1.999,0.053
7.760,0.591,1.708,-0.068
7.780,0.525,0.285,-0.119
7.800,0.737,-1.672,-0.149
7.820,0.804,-2.000,-0.160
7.840,0.781,-1.956,-0.150
7.860,0.701,-1.339,-0.144
7.880,0.542,1.036,-0.039
7.900,0.599,1.999,0.049
7.920,0.684,1.999,0.093
7.940,0.725,1.999,0.139
7.960,0.604,1.999,0.012
7.980,0.529,1.072,-0.093
8.000,0.548,-0.242,-0.166
8.020,0.662,-1.321,-0.144
8.040,0.821,-2.000,-0.149
8.060,0.785,-1.714,-0.166
8.080,0.680,-0.889,-0.149
8.100,0.572,0.334,-0.117
8.120,0.690,1.999,0.065
8.140,0.780,1.999,0.146
8.160,0.844,1.999,0.105
8.180,0.669,1.999,0.038
8.200,0.575,0.468,-0.125
8.220,0.634,-0.737,-0.145
8.240,0.758,-1.581,-0.182
8.260,0.815,-2.000,-0.174
8.280,0.654,-0.380,-0.112
8.300,0.565,0.922,-0.085
8.320,0.627,1.999,0.021
8.340,0.679,1.999,0.090
8.360,0.743,1.999,0.090
8.380,0.606,1.999,0.004
8.400,0.556,1.206,-0.080
8.420,0.565,-0.162,-0.125
8.440,0.722,-1.853,-0.164
8.460,0.778,-2.000,-0.172
8.480,0.757,-1.803,-0.167
8.500,0.660,-1.025,-0.126
8.520,0.572,1.504,-0.009
8.540,0.664,1.999,0.074
8.560,0.724,1.999,0.150
8.580,0.752,1.999,0.112
8.600,0.587,1.999,-0.042
8.620,0.534,0.605,-0.094
8.640,0.594,-0.606,-0.162
8.660,0.715,-1.518,-0.183
8.680,0.844,-1.957,-0.149
8.700,0.764,-1.477,-0.142
8.720,0.666,-0.480,-0.121
8.740,0.573,0.755,-0.090
8.760,0.704,1.999,0.105
8.780,0.800,1.999,0.123
8.800,0.757,1.999,0.090
8.820,0.655,1.999,0.019
8.840,0.586,0.022,-0.132
8.860,0.695,-1.101,-0.175
8.880,0.775,-1.812,-0.155
8.900,0.850,-2.000,-0.148
8.920,0.693,-1.122,-0.143
8.940,0.608,0.018,-0.116
8.960,0.539,1.352,-0.036
8.980,0.637,1.999,0.046
9.000,0.772,1.999,0.137
9.020,0.673,1.999,0.071
9.040,0.571,1.999,-0.041
9.060,0.532,0.732,-0.102
9.080,0.714,-1.462,-0.137
9.100,0.794,-1.976,-0.153
9.120,0.805,-2.000,-0.140
9.140,0.710,-1.573,-0.166
9.160,0.552,0.627,-0.093
9.180,0.597,1.999,-0.001
9.200,0.689,1.999,0.100
9.220,0.780,1.999,0.144
9.240,0.677,1.999,0.027
9.260,0.575,1.570,-0.078
9.280,0.576,0.170,-0.115
9.300,0.685,-0.974,-0.159
9.320,0.839,-2.000,-0.153
9.340,0.816,-1.867,-0.154
9.360,0.719,-1.223,-0.139
9.380,0.626,-0.088,-0.128
9.400,0.629,1.999,0.045
9.420,0.717,1.999,0.094
9.440,0.768,1.999,0.118
9.460,0.694,1.999,0.068
9.480,0.581,0.893,-0.099
9.500,0.603,-0.378,-0.159
9.520,0.733,-1.434,-0.173
9.540,0.797,-1.960,-0.168
9.560,0.755,-1.631,-0.158
9.580,0.634,-0.738,-0.119
9.600,0.532,0.424,-0.106
9.620,0.558,1.861,-0.007
9.640,0.757,1.999,0.149
9.660,0.748,1.999,0.102
9.680,0.652,1.999,0.038
9.700,0.588,1.716,-0.059
9.720,0.644,-0.855,-0.151
9.740,0.757,-1.692,-0.167
9.760,0.834,-2.000,-0.128
9.780,0.800,-1.896,-0.164
9.800,0.612,-0.207,-0.129
9.820,0.537,1.073,-0.067
9.840,0.626,1.999,0.048
9.860,0.739,1.999,0.110
9.880,0.711,1.999,0.080
9.900,0.615,1.999,-0.008
9.920,0.576,1.096,-0.102
9.940,0.578,-0.236,-0.152
9.960,0.776,-1.913,-0.151
9.980,0.842,-2.000,-0.151
10.000,0.765,-1.707,-0.174
10.020,0.672,-0.905,-0.126
10.040,0.570,1.702,-0.025
10.060,0.671,1.999,0.050
10.080,0.731,1.999,0.143
10.100,0.770,1.999,0.099
10.120,0.590,1.855,-0.076
10.140,0.529,0.456,-0.107
10.160,0.634,-0.751,-0.166
10.180,0.733,-1.649,-0.176
10.200,0.781,-1.951,-0.167
10.220,0.709,-1.417,-0.164
10.240,0.628,-0.388,-0.138
10.260,0.556,0.899,-0.065
10.280,0.678,1.999,0.097
10.300,0.746,1.999,0.135
10.320,0.727,1.999,0.078
10.340,0.592,1.999,0.012
10.360,0.593,-0.115,-0.140
10.380,0.686,-1.183,-0.137
10.400,0.786,-1.875,-0.155
10.420,0.850,-2.000,-0.139
10.440,0.682,-0.997,-0.125
10.460,0.606,0.184,-0.107
10.480,0.598,1.519,-0.012
10.500,0.680,1.999,0.067
10.520,0.746,1.999,0.099
10.540,0.690,1.999,0.073
10.560,0.630,1.999,-0.055
10.580,0.542,0.626,-0.101
10.600,0.733,-1.543,-0.138
10.620,0.790,-2.000,-0.145
10.640,0.798,-1.933,-0.169
10.660,0.731,-1.518,-0.164
10.680,0.558,0.747,-0.068
10.700,0.623,1.999,0.012
10.720,0.666,1.999,0.104
10.740,0.737,1.999,0.116
10.760,0.640,1.999,0.019
10.780,0.575,1.411,-0.082
10.800,0.521,0.041,-0.141
10.820,0.650,-1.113,-0.185
10.840,0.815,-2.000,-0.152
10.860,0.783,-1.824,-0.169
10.880,0.699,-1.130,-0.132
10.900,0.593,0.017,-0.123
10.920,0.676,1.999,0.125
10.940,0.809,1.999,0.139
10.960,0.707,1.999,0.076
10.980,0.618,1.999,-0.026
11.000,0.609,-0.518,-0.164
11.020,0.732,-1.446,-0.162
11.040,0.833,-1.979,-0.150
11.060,0.860,-2.000,-0.131
11.080,0.666,-0.624,-0.123
11.100,0.543,0.648,-0.106
11.120,0.616,1.999,0.009
11.140,0.686,1.999,0.093
11.160,0.751,1.999,0.095
11.180,0.636,1.999,0.034
11.200,0.538,1.619,-0.074
11.220,0.554,0.131,-0.122
11.240,0.770,-1.787,-0.138
11.260,0.790,-2.000,-0.148
11.280,0.739,-1.837,-0.167
11.300,0.669,-1.238,-0.152
11.320,0.543,1.237,-0.034
11.340,0.651,1.999,0.053
11.360,0.687,1.999,0.102
11.380,0.756,1.999,0.144
11.400,0.615,1.999,-0.015
11.420,0.552,0.909,-0.116
11.440,0.583,-0.412,-0.155
11.460,0.721,-1.402,-0.150
11.480,0.805,-2.000,-0.179
11.500,0.727,-1.643,-0.169
11.520,0.675,-0.787,-0.130
11.540,0.584,0.456,-0.094
11.560,0.684,1.999,0.071
11.580,0.747,1.999,0.146
11.600,0.831,1.999,0.097
11.620,0.719,1.999,0.037
11.640,0.546,0.295,-0.118
11.660,0.639,-0.873,-0.181
11.680,0.782,-1.678,-0.127
11.700,0.849,-2.000,-0.152
11.720,0.733,-1.316,-0.127
11.740,0.648,-0.231,-0.125
11.760,0.587,1.081,-0.047
11.780,0.587,1.999,0.025
11.800,0.793,1.999,0.149
11.820,0.713,1.999,0.098
11.840,0.586,1.999,0.003
11.860,0.552,1.069,-0.099
11.880,0.685,-1.301,-0.146
11.900,0.775,-1.911,-0.142
11.920,0.811,-2.000,-0.144
11.940,0.753,-1.747,-0.155
11.960,0.665,1.999,0.045
11.980,0.584,1.883,-0.070
12.000,0.555,0.456,-0.107
12.020,0.623,-0.761,-0.167
12.040,0.805,-2.000,-0.168
12.060,0.791,-1.940,-0.179
12.080,0.723,-1.403,-0.185
12.100,0.650,-0.365,-0.135
12.120,0.644,1.999,0.024
12.140,0.706,1.999,0.084
12.160,0.790,1.999,0.119
12.180,0.734,1.999,0.077
12.200,0.589,1.246,-0.093
12.220,0.590,-0.110,-0.147
12.240,0.671,-1.159,-0.156
12.260,0.755,-1.839,-0.171
12.280,0.782,-1.783,-0.162
12.300,0.687,-1.017,-0.121
12.320,0.595,0.198,-0.097
12.340,0.572,1.549,-0.017
12.360,0.711,1.999,0.147
12.380,0.776,1.999,0.125
12.400,0.692,1.999,0.073
12.420,0.586,1.999,-0.053
12.440,0.597,-0.680,-0.154
12.460,0.728,-1.562,-0.172
12.480,0.760,-2.000,-0.167
12.500,0.824,-2.000,-0.144
12.520,0.640,-0.495,-0.121
12.540,0.568,0.771,-0.085
12.560,0.606,1.999,0.017
12.580,0.684,1.999,0.094
12.600,0.761,1.999,0.079
12.620,0.630,1.999,0.010
12.640,0.568,1.394,-0.095
12.660,0.564,0.031,-0.151
12.680,0.784,-1.792,-0.167
12.700,0.829,-2.000,-0.151
12.720,0.806,-1.807,-0.170
12.740,0.724,-1.102,-0.149
12.760,0.572,1.396,-0.047
12.780,0.650,1.999,0.048
12.800,0.747,1.999,0.111
12.820,0.773,1.999,0.121
12.840,0.606,1.999,-0.040
12.860,0.556,0.750,-0.099
12.880,0.574,-0.505,-0.167
12.900,0.700,-1.470,-0.157
12.920,0.799,-2.000,-0.146
12.940,0.743,-1.584,-0.154
12.960,0.645,-0.657,-0.103
12.980,0.575,0.576,-0.086
13.000,0.631,1.999,0.083
13.020,0.757,1.999,0.151
13.040,0.750,1.999,0.123
13.060,0.658,1.999,0.039
13.080,0.555,0.124,-0.117
13.100,0.628,-1.003,-0.167
13.120,0.727,-1.762,-0.145
13.140,0.806,-2.000,-0.176
13.160,0.680,-1.210,-0.146
13.180,0.627,-0.064,-0.114
13.200,0.580,1.242,-0.044
13.220,0.662,1.999,0.046
13.240,0.774,1.999,0.127
13.260,0.718,1.999,0.061
13.280,0.623,1.999,-0.011
13.300,0.569,0.953,-0.100
13.320,0.712,-1.368,-0.161
13.340,0.780,-1.967,-0.174
13.360,0.838,-2.000,-0.158
13.380,0.774,-1.659,-0.162
13.400,0.588,1.858,-0.001
13.420,0.671,1.999,0.085
13.440,0.769,1.999,0.139
13.460,0.765,1.999,0.099
13.480,0.583,1.685,-0.060
13.500,0.541,0.273,-0.117
13.520,0.581,-0.861,-0.163
13.540,0.706,-1.734,-0.176
13.560,0.713,1.999,0.098
13.580,0.770,1.999,0.136
13.600,0.725,1.999,0.096
13.620,0.618,1.999,0.004
13.640,0.583,-0.265,-0.158
13.660,0.716,-1.301,-0.136
13.680,0.792,-1.879,-0.151
13.700,0.841,-1.995,-0.156
13.720,0.663,-0.852,-0.126
13.740,0.577,0.366,-0.115
13.760,0.571,1.731,-0.027
13.780,0.682,1.999,0.061
13.800,0.815,1.999,0.110
13.820,0.701,1.999,0.043
13.840,0.591,1.896,-0.068
13.860,0.549,0.455,-0.120
13.880,0.729,-1.618,-0.182
13.900,0.775,-2.000,-0.170
13.920,0.791,-1.951,-0.163
13.940,0.712,-1.443,-0.167
13.960,0.533,0.918,-0.088
13.980,0.601,1.999,0.030
14.000,0.680,1.999,0.088
14.020,0.746,1.999,0.121
14.040,0.601,1.999,0.005
14.060,0.576,1.206,-0.090
14.080,0.598,-0.170,-0.142
14.100,0.655,-1.193,-0.175
14.120,0.787,-2.000,-0.165
14.140,0.764,-1.744,-0.167
14.160,0.700,-0.991,-0.135
14.180,0.586,0.185,-0.098
14.200,0.680,1.999,0.063
14.220,0.747,1.999,0.153
14.240,0.791,1.999,0.109
14.260,0.685,1.999,0.079
14.280,0.578,0.617,-0.104
14.300,0.609,-0.637,-0.166
14.320,0.717,-1.536,-0.178
14.340,0.797,-1.979,-0.170
14.360,0.723,-1.471,-0.166
14.380,0.661,-0.487,-0.116
14.400,0.567,0.772,-0.066
14.420,0.627,1.999,0.023
14.440,0.760,1.999,0.126
14.460,0.743,1.999,0.096
14.480,0.634,1.999,0.013
14.500,0.545,1.420,-0.087
14.520,0.589,-1.171,-0.198
14.540,0.708,-1.855,-0.169
14.560,0.807,-2.000,-0.168
14.580,0.781,-1.846,-0.170
14.600,0.551,0.041,-0.134
14.620,0.518,1.406,-0.050
14.640,0.637,1.999,0.048
14.660,0.730,1.999,0.116
14.680,0.666,1.999,0.068
14.700,0.608,1.999,-0.049
14.720,0.504,0.743,-0.110
14.740,0.564,-0.526,-0.145
14.760,0.826,-1.971,-0.141
14.780,0.826,-1.984,-0.151
14.800,0.760,-1.568,-0.155
14.820,0.666,-0.640,-0.122
14.840,0.616,1.999,-0.016
14.860,0.668,1.999,0.086
14.880,0.787,1.999,0.141
14.900,0.747,1.999,0.104
14.920,0.593,1.559,-0.075
14.940,0.563,0.139,-0.126
14.960,0.677,-0.991,-0.158
14.980,0.734,-1.767,-0.147
15.000,0.799,-1.877,-0.146
15.020,0.685,-1.212,-0.157
15.040,0.605,-0.089,-0.125
15.060,0.581,1.203,-0.037
15.080,0.714,1.999,0.114
15.100,0.758,1.999,0.143
15.120,0.694,1.999,0.076
15.140,0.594,1.999,0.000
15.160,0.638,-0.762,-0.125
15.180,0.579,0.474,-0.103
15.200,0.592,1.897,-0.016
15.220,0.650,1.999,0.068
15.240,0.770,1.999,0.103
15.260,0.698,1.999,0.055
15.280,0.614,1.733,-0.069
15.300,0.541,0.289,-0.132
15.320,0.769,-1.678,-0.150
15.340,0.840,-2.000,-0.159
15.360,0.797,-1.896,-0.171
15.380,0.708,-1.299,-0.144
15.400,0.578,1.096,-0.061
15.420,0.616,1.999,0.043
15.440,0.728,1.999,0.102
15.460,0.782,1.999,0.139
15.480,0.615,1.999,-0.004
15.500,0.588,1.054,-0.097
15.520,0.565,-0.284,-0.137
15.540,0.687,-1.303,-0.138
15.560,0.833,-2.000,-0.139
15.580,0.761,-1.718,-0.162
15.600,0.673,-0.886,-0.125
15.620,0.584,0.325,-0.094
15.640,0.666,1.999,0.080
15.660,0.701,1.999,0.141
15.680,0.756,1.999,0.104
15.700,0.667,1.999,0.057
15.720,0.545,0.419,-0.094
15.740,0.636,-0.803,-0.166
15.760,0.749,-1.638,-0.137
15.780,0.803,-2.000,-0.149
15.800,0.625,-0.335,-0.126
15.820,0.568,0.947,-0.078
15.840,0.619,1.999,0.023
15.860,0.693,1.999,0.077
15.880,0.735,1.999,0.073
15.900,0.626,1.999,0.000
15.920,0.571,1.247,-0.100
15.940,0.575,-0.115,-0.160
15.960,0.805,-1.888,-0.141
15.980,0.844,-2.000,-0.166
16.000,0.765,-1.774,-0.167
16.020,0.703,-1.004,-0.121
16.040,0.583,1.572,-0.022
16.060,0.656,1.999,0.056
16.080,0.723,1.999,0.131
16.100,0.791,1.999,0.125
16.120,0.623,1.999,-0.038
16.140,0.559,0.544,-0.090
16.160,0.625,-0.683,-0.140
16.180,0.725,-1.549,-0.176
16.200,0.784,-1.975,-0.145
16.220,0.700,-1.490,-0.145
16.240,0.650,-0.513,-0.100
16.260,0.547,0.803,-0.073
16.280,0.666,1.999,0.107
16.300,0.759,1.999,0.120
16.320,0.760,1.999,0.103
16.340,0.624,1.999,0.018
16.360,0.555,0.001,-0.130
16.380,0.666,-1.114,-0.184
16.400,0.753,-1.820,-0.157
16.420,0.839,-2.000,-0.153
16.440,0.691,-1.085,-0.146
16.460,0.598,0.087,-0.120
16.480,0.567,1.398,-0.055
16.500,0.640,1.999,0.051
16.520,0.748,1.999,0.108
16.540,0.677,1.999,0.045
16.560,0.621,1.999,-0.050
16.580,0.541,0.757,-0.113
16.600,0.726,-1.482,-0.147
16.620,0.809,-1.984,-0.159
16.640,0.805,-1.987,-0.158
16.660,0.747,-1.566,-0.170
16.680,0.562,0.607,-0.098
16.700,0.581,1.999,0.002
16.720,0.656,1.999,0.088
16.740,0.748,1.999,0.136
16.760,0.794,-2.000,-0.159
16.780,0.773,-1.873,-0.147
16.800,0.682,-1.208,-0.139
16.820,0.631,-0.084,-0.108
16.840,0.610,1.999,0.048
16.860,0.683,1.999,0.105
16.880,0.760,1.999,0.140
16.900,0.689,1.999,0.068
16.920,0.564,0.912,-0.100
16.940,0.609,-0.415,-0.157
16.960,0.717,-1.379,-0.170
16.980,0.787,-1.947,-0.152
17.000,0.754,-1.638,-0.168
17.020,0.684,-0.728,-0.130
17.040,0.578,0.494,-0.102
17.060,0.624,1.886,-0.002
17.080,0.776,1.999,0.136
17.100,0.775,1.999,0.087
17.120,0.666,1.999,0.025
17.140,0.587,1.696,-0.071
17.160,0.665,-0.889,-0.161
17.180,0.743,-1.709,-0.155
17.200,0.790,-2.000,-0.172
17.220,0.782,-1.876,-0.147
17.240,0.609,-0.237,-0.116
17.260,0.530,1.095,-0.061
17.280,0.601,1.999,0.047
17.300,0.707,1.999,0.112
17.320,0.702,1.999,0.080
17.340,0.591,1.999,-0.002
17.360,0.546,1.053,-0.100
17.380,0.536,-0.274,-0.152
17.400,0.772,-1.931,-0.143
17.420,0.839,-2.000,-0.145
17.440,0.767,-1.698,-0.163
17.460,0.687,-0.893,-0.125
17.480,0.592,1.710,-0.011
17.500,0.638,1.999,0.071
17.520,0.725,1.999,0.140
17.540,0.787,1.999,0.107
17.560,0.609,1.881,-0.066
17.580,0.566,0.435,-0.112
17.600,0.626,-0.778,-0.165
17.620,0.739,-1.626,-0.153
17.640,0.834,-1.928,-0.143
17.660,0.731,-1.387,-0.157
17.680,0.635,-0.335,-0.133
17.700,0.556,0.946,-0.084
17.720,0.689,1.999,0.097
17.740,0.782,1.999,0.140
17.760,0.739,1.999,0.087
17.780,0.625,1.999,0.004
17.800,0.592,-0.144,-0.142
17.820,0.681,-1.202,-0.132
17.840,0.801,-1.907,-0.172
17.860,0.796,-2.000,-0.146
17.880,0.674,-1.013,-0.124
17.900,0.558,0.181,-0.120
17.920,0.568,1.516,-0.013
17.940,0.663,1.999,0.056
17.960,0.760,1.999,0.102
17.980,0.653,1.999,0.065
18.000,0.595,1.976,-0.046
18.020,0.528,0.559,-0.105
18.040,0.728,-1.570,-0.169
18.060,0.815,-2.000,-0.141
18.080,0.833,-1.970,-0.142
18.100,0.727,-1.464,-0.153
18.120,0.572,0.776,-0.076
18.140,0.626,1.999,0.025
18.160,0.689,1.999,0.087
18.180,0.769,1.999,0.109
18.200,0.640,1.999,0.024
18.220,0.584,1.415,-0.097
18.240,0.564,0.015,-0.142
18.260,0.625,-1.088,-0.186
18.280,0.803,-1.816,-0.161
18.300,0.708,-1.103,-0.116
18.320,0.617,0.071,-0.098
18.340,0.590,1.391,-0.030
18.360,0.571,-0.591,-0.157
18.380,0.722,-1.527,-0.150
18.400,0.776,-1.988,-0.167
18.420,0.810,-2.000,-0.143
18.440,0.644,-0.658,-0.118
18.460,0.540,0.625,-0.098
18.480,0.598,1.999,0.012
18.500,0.673,1.999,0.095
18.520,0.758,1.999,0.105
18.540,0.690,1.999,0.032
18.560,0.587,1.518,-0.081
18.580,0.544,0.135,-0.131
18.600,0.739,-1.743,-0.142
18.620,0.852,-2.000,-0.159
18.640,0.796,-1.846,-0.159
18.660,0.697,-1.188,-0.144
18.680,0.557,1.270,-0.044
18.700,0.655,1.999,0.052
18.720,0.759,1.999,0.117
18.740,0.778,1.999,0.132
18.760,0.602,1.999,-0.029
18.780,0.581,0.898,-0.091
18.800,0.590,-0.413,-0.159
18.820,0.691,-1.391,-0.135
18.840,0.831,-2.000,-0.138
18.860,0.732,-1.655,-0.181
18.880,0.662,-0.761,-0.115
18.900,0.575,0.483,-0.092
18.920,0.655,1.999,0.069
18.940,0.719,1.999,0.132
18.960,0.765,1.999,0.093
18.980,0.654,1.999,0.044
19.000,0.537,0.250,-0.125
19.020,0.637,-0.943,-0.162
19.040,0.748,-1.749,-0.165
19.060,0.825,-2.000,-0.144
19.080,0.706,-1.319,-0.150
19.100,0.627,-0.229,-0.123
19.120,0.555,1.120,-0.057
19.140,0.637,1.999,0.030
19.160,0.771,1.999,0.141
19.180,0.743,1.999,0.085
19.200,0.632,1.999,-0.007
19.220,0.572,1.063,-0.101
19.240,0.728,-1.319,-0.136
19.260,0.812,-1.883,-0.169
19.280,0.854,-2.000,-0.148
19.300,0.774,-1.688,-0.159
19.320,0.576,0.349,-0.106
19.340,0.580,1.726,-0.023
19.360,0.659,1.999,0.070
19.380,0.721,1.999,0.151
19.400,0.694,1.999,0.059
19.420,0.571,1.847,-0.063
19.440,0.529,0.399,-0.105
19.460,0.628,-0.830,-0.163
19.480,0.813,-2.000,-0.147
19.500,0.802,-1.978,-0.149
19.520,0.694,-1.423,-0.154
19.540,0.615,-0.349,-0.121
19.560,0.608,1.999,0.036
19.580,0.685,1.999,0.091
19.600,0.796,1.999,0.142
19.620,0.715,1.999,0.092
19.640,0.572,1.203,-0.092
19.660,0.570,-0.144,-0.152
19.680,0.687,-1.220,-0.148
19.700,0.781,-1.868,-0.177
19.720,0.767,-1.736,-0.184
19.740,0.677,-0.959,-0.159
19.760,0.571,0.237,-0.120
19.780,0.599,1.607,-0.016
19.800,0.753,1.999,0.135
19.820,0.790,1.999,0.108
19.840,0.694,1.999,0.068
19.860,0.616,1.999,-0.058
19.880,0.640,-0.689,-0.156
19.900,0.733,-1.554,-0.147
19.920,0.791,-2.000,-0.179
19.940,0.803,-1.976,-0.151
19.960,0.650,-0.508,-0.114
19.980,0.545,0.793,-0.074
20.000,0.597,1.999,0.033
20.020,0.666,1.999,0.106
20.040,0.753,1.999,0.102
20.060,0.617,1.999,0.021
20.080,0.553,1.323,-0.083
20.100,0.508,-0.070,-0.137
20.120,0.720,-1.796,-0.149
20.140,0.827,-2.000,-0.154
20.160,0.790,-1.875,-0.151
20.180,0.698,-1.079,-0.129
20.200,0.556,1.397,-0.029
20.220,0.662,1.999,0.049
20.240,0.724,1.999,0.126
20.260,0.782,1.999,0.106
20.280,0.614,1.999,-0.052
20.300,0.563,0.728,-0.106
20.320,0.587,-0.494,-0.174
20.340,0.727,-1.443,-0.162
20.360,0.829,-1.970,-0.151
20.380,0.769,-1.543,-0.159
20.400,0.673,-0.581,-0.115
20.420,0.564,0.667,-0.095
20.440,0.668,1.999,0.087
20.460,0.791,1.999,0.138
20.480,0.784,1.999,0.099
20.500,0.701,1.999,0.033
20.520,0.541,0.125,-0.120
20.540,0.656,-1.023,-0.166
20.560,0.750,-1.795,-0.151
20.580,0.806,-2.000,-0.145
20.600,0.673,-1.236,-0.147
20.620,0.582,-0.081,-0.132
20.640,0.529,1.252,-0.042
20.660,0.622,1.999,0.060
20.680,0.754,1.999,0.136
20.700,0.678,1.999,0.074
20.720,0.590,1.999,-0.030
20.740,0.559,0.853,-0.098
20.760,0.723,-1.422,-0.142
20.780,0.819,-1.947,-0.156
20.800,0.805,-2.000,-0.157
20.820,0.738,-1.638,-0.159
20.840,0.621,1.906,-0.007
20.860,0.704,1.999,0.085
20.880,0.798,1.999,0.153
20.900,0.797,1.999,0.108
20.920,0.576,1.710,-0.082
20.940,0.563,0.275,-0.118
20.960,0.661,-0.877,-0.182
20.980,0.746,-1.709,-0.174
21.000,0.822,-1.906,-0.162
21.020,0.708,-1.296,-0.161
21.040,0.623,-0.200,-0.134
21.060,0.582,1.104,-0.057
21.080,0.732,1.999,0.098
21.100,0.765,1.999,0.123
21.120,0.705,1.999,0.062
21.140,0.625,1.999,0.000
21.160,0.559,-0.273,-0.159
21.180,0.655,-1.341,-0.167
21.200,0.776,-1.961,-0.152
21.220,0.799,-2.000,-0.150
21.240,0.683,-0.871,-0.124
21.260,0.560,0.334,-0.093
21.280,0.552,1.751,-0.008
21.300,0.652,1.999,0.070
21.320,0.762,1.999,0.094
21.340,0.667,1.999,0.065
21.360,0.595,1.840,-0.065
21.380,0.545,0.428,-0.108
21.400,0.716,-1.655,-0.194
21.420,0.804,-2.000,-0.139
21.440,0.812,-1.929,-0.171
21.460,0.712,-1.370,-0.168
21.480,0.581,0.969,-0.063
21.500,0.623,1.999,0.026
21.520,0.694,1.999,0.088
21.540,0.814,1.999,0.134
21.560,0.619,1.999,-0.012
21.580,0.593,1.203,-0.105
21.600,0.585,-0.161,-0.158
21.620,0.704,-1.284,-0.146
21.640,0.840,-2.000,-0.158
21.660,0.777,-1.774,-0.165
21.680,0.677,-0.997,-0.132
21.700,0.573,0.219,-0.109
21.720,0.674,1.999,0.080
21.740,0.725,1.999,0.147
21.760,0.773,1.999,0.110
21.780,0.661,1.999,0.054
21.800,0.540,0.540,-0.096
21.820,0.615,-0.633,-0.156
21.840,0.724,-1.562,-0.157
21.860,0.780,-2.000,-0.165
21.880,0.725,-1.494,-0.169
21.900,0.639,-0.482,-0.117
21.920,0.563,0.788,-0.078
21.940,0.618,1.999,0.043
21.960,0.769,1.999,0.125
21.980,0.731,1.999,0.108
22.000,0.643,1.999,0.034
22.020,0.597,1.353,-0.083
22.040,0.659,-1.140,-0.183
22.060,0.775,-1.847,-0.164
22.080,0.866,-2.000,-0.138
22.100,0.795,-1.795,-0.174
22.120,0.599,0.076,-0.122
22.140,0.557,1.415,-0.037
22.160,0.666,1.999,0.041
22.180,0.708,1.999,0.113
22.200,0.710,1.999,0.079
22.220,0.617,1.999,-0.048
22.240,0.560,0.717,-0.096
22.260,0.618,-0.619,-0.162
22.280,0.783,-1.973,-0.165
22.300,0.814,-1.994,-0.153
22.320,0.748,-1.569,-0.150
22.340,0.650,-0.610,-0.123
22.360,0.598,1.999,-0.003
22.380,0.658,1.999,0.093
22.400,0.758,1.999,0.129
22.420,0.759,1.999,0.102
22.440,0.561,1.515,-0.078
22.460,0.550,0.103,-0.125
22.480,0.637,-1.015,-0.158
22.500,0.739,-1.779,-0.163
22.520,0.800,-1.873,-0.160
22.540,0.688,-1.201,-0.152
22.560,0.592,-0.052,-0.132
22.580,0.542,1.288,-0.046
22.600,0.744,1.999,0.127
22.620,0.770,1.999,0.123
22.640,0.693,1.999,0.063
22.660,0.604,1.999,-0.035
22.680,0.614,-0.452,-0.147
22.700,0.736,-1.431,-0.153
22.720,0.812,-1.987,-0.148
22.740,0.817,-2.000,-0.156
22.760,0.677,-0.729,-0.115
22.780,0.599,0.521,-0.094
22.800,0.625,1.913,0.010
22.820,0.661,1.999,0.068
22.840,0.754,1.999,0.089
22.860,0.652,1.999,0.043
22.880,0.601,1.661,-0.074
22.900,0.539,0.247,-0.124
22.920,0.707,-1.734,-0.183
22.940,0.801,-2.000,-0.161
22.960,0.802,-1.903,-0.174
22.980,0.664,-1.294,-0.164
23.000,0.554,1.115,-0.049
23.020,0.638,1.999,0.038
23.040,0.759,1.999,0.106
23.060,0.768,1.999,0.147
23.080,0.638,1.999,-0.020
23.100,0.545,1.023,-0.098
23.120,0.566,-0.309,-0.168
23.140,0.694,-1.324,-0.149
23.160,0.837,-2.000,-0.166
23.180,0.779,-1.688,-0.161
23.200,0.676,-0.858,-0.124
23.220,0.576,0.386,-0.098
23.240,0.667,1.999,0.071
23.260,0.758,1.999,0.134
23.280,0.761,1.999,0.110
23.300,0.714,1.999,0.051
23.320,0.531,0.382,-0.114
23.340,0.620,-0.315,-0.143
23.360,0.570,0.972,-0.069
23.380,0.585,1.999,0.021
23.400,0.691,1.999,0.089
23.420,0.725,1.999,0.091
23.440,0.605,1.999,0.007
23.460,0.556,1.174,-0.096
23.480,0.574,-0.182,-0.148
23.500,0.752,-1.884,-0.164
23.520,0.823,-2.000,-0.150
23.540,0.764,-1.759,-0.159
23.560,0.663,-0.959,-0.138
23.580,0.602,1.589,-0.032
23.600,0.658,1.999,0.047
23.620,0.695,1.999,0.118
23.640,0.794,1.999,0.111
23.660,0.627,1.971,-0.047
23.680,0.549,0.541,-0.101
23.700,0.629,-0.682,-0.160
23.720,0.753,-1.593,-0.153
23.740,0.819,-1.956,-0.150
23.760,0.730,-1.463,-0.162
23.780,0.662,-0.450,-0.104
23.800,0.589,0.837,-0.074
23.820,0.690,1.999,0.094
23.840,0.774,1.999,0.130
23.860,0.752,1.999,0.102
23.880,0.651,1.999,0.027
23.900,0.565,-0.057,-0.141
23.920,0.623,-1.153,-0.174
23.940,0.745,-1.838,-0.162
23.960,0.809,-2.000,-0.171
23.980,0.689,-1.084,-0.117
24.000,0.614,0.091,-0.111
24.020,0.558,1.426,-0.029
24.040,0.643,1.999,0.062
24.060,0.767,1.999,0.102
24.080,0.666,1.999,0.062
24.100,0.601,1.999,-0.045
24.120,0.560,0.644,-0.098
24.140,0.739,-1.501,-0.179
24.160,0.812,-2.000,-0.155
24.180,0.828,-2.000,-0.153
24.200,0.744,-1.547,-0.164
24.220,0.557,0.679,-0.103
24.240,0.587,1.999,-0.008
24.260,0.683,1.999,0.083
24.280,0.788,1.999,0.126
24.300,0.673,1.999,0.007
24.320,0.537,1.494,-0.101
24.340,0.548,0.119,-0.133
24.360,0.662,-1.028,-0.192
24.380,0.805,-2.000,-0.137
24.400,0.823,-1.836,-0.163
24.420,0.729,-1.193,-0.131
24.440,0.623,-0.027,-0.106
24.460,0.645,1.999,0.063
24.480,0.733,1.999,0.110
24.500,0.755,1.999,0.134
24.520,0.705,1.999,0.086
24.540,0.539,0.825,-0.101
24.560,0.535,-0.437,-0.167
24.580,0.700,-1.424,-0.149
24.600,0.787,-1.971,-0.155
24.620,0.722,-1.645,-0.183
24.640,0.631,-0.731,-0.124
24.660,0.564,0.501,-0.097
24.680,0.588,1.905,-0.011
24.700,0.781,1.999,0.142
24.720,0.768,1.999,0.107
24.740,0.655,1.999,0.027
24.760,0.598,1.653,-0.084
24.780,0.658,-0.955,-0.193
24.800,0.723,-1.702,-0.178
24.820,0.813,-2.000,-0.165
24.840,0.808,-1.902,-0.169
24.860,0.636,-0.141,-0.117
24.880,0.579,1.166,-0.057
24.900,0.647,1.999,0.047
24.920,0.740,1.999,0.098
24.940,0.729,1.999,0.072
24.960,0.615,1.999,-0.017
24.980,0.795,-1.952,-0.190
25.000,0.800,-2.000,-0.144
25.020,0.764,-1.685,-0.176
25.040,0.678,-0.859,-0.133
25.060,0.586,1.757,-0.005
25.080,0.662,1.999,0.079
25.100,0.735,1.999,0.138
25.120,0.764,1.999,0.114
25.140,0.601,1.762,-0.045
25.160,0.535,0.358,-0.113
25.180,0.628,-0.836,-0.159
25.200,0.740,-1.687,-0.142
25.220,0.798,-1.938,-0.156
25.240,0.707,-1.360,-0.159
25.260,0.635,-0.329,-0.131
25.280,0.537,0.963,-0.078
25.300,0.708,1.999,0.085
25.320,0.775,1.999,0.143
25.340,0.738,1.999,0.073
25.360,0.599,1.999,-0.012
25.380,0.583,-0.204,-0.158
25.400,0.711,-1.261,-0.140
25.420,0.804,-1.874,-0.157
25.440,0.831,-2.000,-0.162
25.460,0.657,-0.908,-0.130
25.480,0.583,0.270,-0.131
25.500,0.570,1.649,-0.036
25.520,0.682,1.999,0.064
25.540,0.796,1.999,0.117
25.560,0.687,1.999,0.039
25.580,0.566,1.969,-0.061
25.600,0.548,0.517,-0.098
25.620,0.739,-1.594,-0.164
25.640,0.783,-2.000,-0.148
25.660,0.784,-1.983,-0.157
25.680,0.701,-1.467,-0.156
25.700,0.557,0.816,-0.075
25.720,0.596,1.999,0.051
25.740,0.688,1.999,0.110
25.760,0.766,1.999,0.145
25.780,0.600,1.999,0.020
25.800,0.576,1.287,-0.091
25.820,0.561,-0.049,-0.137
25.840,0.698,-1.170,-0.156
25.860,0.775,-1.788,-0.159
25.880,0.715,-1.024,-0.112
25.900,0.619,0.108,-0.091
25.920,0.574,1.472,-0.024
25.940,0.730,1.999,0.119
25.960,0.786,1.999,0.097
25.980,0.698,1.999,0.069
26.000,0.643,1.999,-0.041
26.020,0.614,-0.622,-0.176
26.040,0.727,-1.526,-0.158
26.060,0.821,-2.000,-0.164
26.080,0.823,-1.972,-0.158
26.100,0.628,-0.560,-0.137
26.120,0.545,0.675,-0.086
26.140,0.602,1.999,0.002
26.160,0.667,1.999,0.093
26.180,0.735,1.999,0.084
26.200,0.641,1.999,0.028
26.220,0.555,1.467,-0.088
26.240,0.569,0.067,-0.133
26.260,0.784,-1.821,-0.155
26.280,0.828,-2.000,-0.129
26.300,0.763,-1.850,-0.170
26.320,0.675,-1.177,-0.130
26.340,0.534,1.328,-0.036
26.360,0.650,1.999,0.051
26.380,0.715,1.999,0.121
26.400,0.752,1.999,0.125
26.420,0.620,1.999,-0.026
26.440,0.570,0.815,-0.098
26.460,0.588,-0.468,-0.162
26.480,0.716,-1.417,-0.152
26.500,0.850,-2.000,-0.142
26.520,0.748,-1.578,-0.148
26.540,0.680,-0.674,-0.125
26.560,0.568,0.555,-0.096
26.580,0.691,1.999,0.083
26.600,0.798,1.999,0.146
26.620,0.564,0.207,-0.133
26.640,0.653,-0.970,-0.181
26.660,0.722,-1.743,-0.167
26.680,0.812,-2.000,-0.149
26.700,0.688,-1.277,-0.136
26.720,0.607,-0.162,-0.125
26.740,0.576,1.121,-0.045
26.760,0.629,1.999,0.039
26.780,0.739,1.999,0.135
26.800,0.714,1.999,0.087
26.820,0.609,1.999,-0.005
26.840,0.535,0.993,-0.107
26.860,0.686,-1.392,-0.148
26.880,0.770,-1.936,-0.179
26.900,0.812,-2.000,-0.152
26.920,0.745,-1.672,-0.163
26.940,0.572,0.411,-0.091
26.960,0.582,1.821,-0.012
26.980,0.666,1.999,0.058
27.000,0.692,1.999,0.127
27.020,0.677,1.999,0.048
27.040,0.609,1.818,-0.079
27.060,0.547,0.347,-0.119
27.080,0.630,-0.853,-0.167
27.100,0.816,-2.000,-0.164
27.120,0.823,-1.916,-0.157
27.140,0.724,-1.361,-0.141
27.160,0.658,-0.290,-0.113
27.180,0.628,1.999,0.044
27.200,0.673,1.999,0.088
27.220,0.770,1.999,0.132
27.240,0.734,1.999,0.083
27.260,0.572,1.135,-0.088
27.280,0.586,-0.254,-0.154
27.300,0.673,-1.281,-0.130
27.320,0.789,-1.916,-0.168
27.340,0.760,-1.748,-0.162
27.360,0.636,-0.941,-0.138
27.380,0.538,0.257,-0.109
27.400,0.590,1.619,-0.012
27.420,0.711,1.999,0.145
27.440,0.765,1.999,0.100
27.460,0.687,1.999,0.062
27.480,0.588,1.939,-0.067
27.500,0.578,-0.728,-0.169
27.520,0.703,-1.586,-0.172
27.540,0.790,-2.000,-0.157
27.560,0.794,-1.948,-0.166
27.580,0.637,-0.431,-0.125
27.600,0.542,0.875,-0.077
27.620,0.615,1.999,0.027
27.640,0.686,1.999,0.083
27.660,0.717,1.999,0.088
27.680,0.629,1.999,0.014
27.700,0.598,1.283,-0.084
27.720,0.569,-0.084,-0.139
27.740,0.750,-1.843,-0.179
27.760,0.833,-2.000,-0.147
27.780,0.779,-1.800,-0.169
27.800,0.699,-1.064,-0.130
27.820,0.578,1.494,-0.021
27.840,0.656,1.999,0.047
27.860,0.706,1.999,0.133
27.880,0.774,1.999,0.120
27.900,0.617,1.999,-0.030
27.920,0.578,0.650,-0.090
27.940,0.588,-0.599,-0.158
27.960,0.704,-1.486,-0.194
27.980,0.824,-1.989,-0.151
28.000,0.705,-1.536,-0.170
28.020,0.626,-0.530,-0.117
28.040,0.541,0.710,-0.083
28.060,0.554,0.054,-0.132
28.080,0.697,-1.093,-0.144
28.100,0.770,-1.785,-0.173
28.120,0.826,-2.000,-0.153
28.140,0.708,-1.154,-0.148
28.160,0.609,0.008,-0.125
28.180,0.551,1.331,-0.056
28.200,0.757,1.999,0.118
28.220,0.701,1.999,0.073
28.240,0.596,1.999,-0.038
28.260,0.520,0.810,-0.119
28.280,0.709,-1.449,-0.137
28.300,0.777,-1.973,-0.161
28.320,0.834,-2.000,-0.133
28.340,0.755,-1.611,-0.155
28.360,0.574,1.957,-0.004
28.380,0.643,1.999,0.087
28.400,0.757,1.999,0.143
28.420,0.774,1.999,0.117
28.440,0.562,1.619,-0.070
28.460,0.582,0.162,-0.138
28.480,0.646,-0.965,-0.156
28.500,0.757,-1.751,-0.171
28.520,0.785,-1.900,-0.171
28.540,0.676,-1.255,-0.148
28.560,0.603,-0.125,-0.136
28.580,0.591,1.172,-0.057
28.600,0.757,1.999,0.105
28.620,0.762,1.999,0.141
28.640,0.763,1.999,0.080
28.660,0.621,1.999,-0.013
28.680,0.596,-0.368,-0.163
28.700,0.725,-1.351,-0.172
28.720,0.793,-1.947,-0.164
28.740,0.814,-2.000,-0.169
28.760,0.688,-0.792,-0.121
28.780,0.563,0.419,-0.114
28.800,0.597,1.821,-0.004
28.820,0.666,1.999,0.079
28.840,0.773,1.999,0.091
28.860,0.666,1.999,0.041
28.880,0.575,1.747,-0.072
28.900,0.537,0.318,-0.106
28.920,0.748,-1.699,-0.160
28.940,0.804,-2.000,-0.160
28.960,0.801,-1.921,-0.146
28.980,0.718,-1.345,-0.151
29.000,0.561,0.988,-0.054
29.020,0.601,1.999,0.045
29.040,0.705,1.999,0.093
29.060,0.767,1.999,0.152
29.080,0.617,1.999,0.013
29.100,0.562,1.126,-0.105
29.120,0.596,-0.242,-0.142
29.140,0.658,-1.287,-0.153
29.160,0.856,-2.000,-0.135
29.180,0.795,-1.729,-0.150
29.200,0.689,-0.917,-0.136
29.220,0.556,0.280,-0.116
29.240,0.688,1.999,0.059
29.260,0.753,1.999,0.139
29.280,0.781,1.999,0.108
29.300,0.678,1.999,0.039
29.320,0.564,0.484,-0.115
29.340,0.641,-0.751,-0.157
29.360,0.722,-1.634,-0.170
29.380,0.762,-2.000,-0.185
29.400,0.729,-1.442,-0.163
29.420,0.656,-0.446,-0.123
29.440,0.537,0.898,-0.088
29.460,0.615,1.999,0.038
29.480,0.766,1.999,0.149
29.500,0.725,1.999,0.093
29.520,0.600,1.999,0.014
29.540,0.570,1.259,-0.071
29.560,0.658,-1.170,-0.168
29.580,0.748,-1.897,-0.158
29.600,0.818,-2.000,-0.141
29.620,0.770,-1.803,-0.155
29.640,0.693,1.999,0.067
29.660,0.628,1.999,-0.022
29.680,0.562,0.629,-0.104
29.700,0.623,-0.650,-0.177
29.720,0.792,-2.000,-0.177
29.740,0.836,-1.964,-0.155
29.760,0.736,-1.497,-0.170
29.780,0.635,1.999,0.029
29.800,0.715,1.999,0.099
29.820,0.782,1.999,0.136
29.840,0.779,1.999,0.080
29.860,0.576,1.451,-0.092
29.880,0.531,0.067,-0.134
29.900,0.655,-1.105,-0.168
29.920,0.736,-1.802,-0.164
29.940,0.788,-1.827,-0.160
29.960,0.694,-1.142,-0.146
29.980,0.601,-0.008,-0.116
30.000,0.539,1.353,-0.046
30.020,0.711,1.999,0.114
30.040,0.754,1.999,0.132
30.060,0.677,1.999,0.080
30.080,0.614,1.999,-0.029
30.100,0.559,-0.534,-0.178
30.120,0.699,-1.487,-0.141
30.140,0.776,-2.000,-0.167
30.160,0.817,-2.000,-0.134
30.180,0.653,-0.675,-0.119
30.200,0.552,0.584,-0.102
30.220,0.611,1.994,0.003
30.240,0.687,1.999,0.107
30.260,0.774,1.999,0.110
30.280,0.668,1.999,0.021
30.300,0.574,1.586,-0.091
30.320,0.556,0.178,-0.125
30.340,0.735,-1.745,-0.161
30.360,0.830,-2.000,-0.146
30.380,0.812,-1.865,-0.155
30.400,0.694,-1.217,-0.166
30.420,0.582,1.218,-0.049
30.440,0.667,1.999,0.051
30.460,0.739,1.999,0.108
30.480,0.766,1.999,0.135
30.500,0.613,1.999,-0.016
30.520,0.564,0.943,-0.094
30.540,0.541,-0.382,-0.159
30.560,0.676,-1.410,-0.167
30.580,0.814,-2.000,-0.140
30.600,0.747,-1.676,-0.158
30.620,0.651,-0.820,-0.127
30.640,0.546,0.411,-0.099
30.660,0.678,1.999,0.095
30.680,0.736,1.999,0.144
30.700,0.766,1.999,0.108
30.720,0.664,1.999,0.057
30.740,0.532,0.294,-0.114
30.760,0.669,-0.917,-0.169
30.780,0.742,-1.688,-0.137
30.800,0.823,-2.000,-0.164
30.820,0.637,-0.242,-0.124
30.840,0.599,1.054,-0.054
30.860,0.620,1.999,0.027
30.880,0.702,1.999,0.083
30.900,0.753,1.999,0.090
30.920,0.625,1.999,-0.003
30.940,0.573,1.106,-0.095
30.960,0.572,-0.271,-0.167
30.980,0.782,-1.868,-0.167
31.000,0.829,-2.000,-0.153
31.020,0.753,-1.715,-0.167
31.040,0.665,-0.893,-0.138
31.060,0.565,1.683,-0.030
31.080,0.658,1.999,0.058
31.100,0.710,1.999,0.143
31.120,0.752,1.999,0.106
31.140,0.568,1.897,-0.048
31.160,0.534,0.463,-0.116
31.180,0.628,-0.771,-0.167
31.200,0.744,-1.646,-0.166
31.220,0.689,1.999,0.094
31.240,0.750,1.999,0.119
31.260,0.741,1.999,0.083
31.280,0.615,1.999,0.000
31.300,0.582,-0.130,-0.147
31.320,0.604,-1.190,-0.189
31.340,0.729,-1.856,-0.167
31.360,0.827,-2.000,-0.164
31.380,0.712,-0.994,-0.128
31.400,0.606,0.185,-0.104
31.420,0.589,1.555,-0.020
31.440,0.666,1.999,0.057
31.460,0.778,1.999,0.114
31.480,0.693,1.999,0.075
31.500,0.615,1.999,-0.047
31.520,0.551,0.579,-0.104
31.540,0.722,-1.567,-0.151
31.560,0.804,-1.996,-0.187
31.580,0.828,-1.998,-0.153
31.600,0.703,-1.513,-0.165
31.620,0.571,0.757,-0.077
31.640,0.604,1.999,0.022
31.660,0.673,1.999,0.096
31.680,0.753,1.999,0.137
31.700,0.634,1.999,0.019
31.720,0.550,1.381,-0.087
31.740,0.569,-0.004,-0.129
31.760,0.696,-1.152,-0.177
31.780,0.832,-2.000,-0.154
31.800,0.794,-1.820,-0.149
31.820,0.717,-1.121,-0.144
31.840,0.590,0.044,-0.127
31.860,0.651,1.999,0.045
31.880,0.748,1.999,0.113
31.900,0.755,1.999,0.124
31.920,0.729,1.999,0.075
31.940,0.553,0.762,-0.095
31.960,0.609,-0.511,-0.149
31.980,0.757,-1.462,-0.146
32.000,0.833,-1.996,-0.154
32.020,0.723,-1.555,-0.176
32.040,0.646,-0.630,-0.122
32.060,0.555,0.620,-0.094
32.080,0.589,1.999,-0.008
32.100,0.767,1.999,0.140
32.120,0.762,1.999,0.110
32.140,0.640,1.999,0.032
32.160,0.554,1.544,-0.086
32.180,0.647,-1.010,-0.149
32.200,0.728,-1.766,-0.163
32.220,0.795,-2.000,-0.151
32.240,0.791,-1.911,-0.147
32.260,0.590,-0.088,-0.117
32.280,0.535,1.239,-0.048
32.300,0.630,1.999,0.054
32.320,0.705,1.999,0.103
32.340,0.717,1.999,0.090
32.360,0.612,1.999,-0.012
32.380,0.576,0.925,-0.092
32.400,0.617,-0.426,-0.145
32.420,0.834,-1.976,-0.177
32.440,0.811,-2.000,-0.146
32.460,0.761,-1.629,-0.167
32.480,0.658,-0.753,-0.135
32.500,0.610,1.880,-0.012
32.520,0.670,1.999,0.088
32.540,0.740,1.999,0.141
32.560,0.791,1.999,0.084
32.580,0.594,1.734,-0.078
32.600,0.569,0.255,-0.113
32.620,0.625,-0.866,-0.166
32.640,0.741,-1.698,-0.186
32.660,0.823,-1.930,-0.137
32.680,0.708,-1.303,-0.150
32.700,0.633,-0.242,-0.123
32.720,0.561,1.043,-0.051
32.740,0.695,1.999,0.102
32.760,0.763,1.999,0.129
32.780,0.720,1.999,0.084
32.800,0.595,1.999,0.001
32.820,0.648,-0.866,-0.123
32.840,0.570,0.340,-0.106
32.860,0.567,1.706,-0.022
32.880,0.652,1.999,0.061
32.900,0.778,1.999,0.103
32.920,0.691,1.999,0.045
32.940,0.579,1.911,-0.084
32.960,0.543,0.456,-0.116
32.980,0.762,-1.640,-0.155
33.000,0.809,-2.000,-0.165
33.020,0.820,-1.914,-0.154
33.040,0.737,-1.405,-0.156
33.060,0.562,0.929,-0.076
33.080,0.623,1.999,0.022
33.100,0.741,1.999,0.089
33.120,0.783,1.999,0.136
33.140,0.627,1.999,0.008
33.160,0.569,1.203,-0.089
33.180,0.581,-0.148,-0.150
33.200,0.699,-1.237,-0.148
33.220,0.771,-1.787,-0.154
33.240,0.665,-0.981,-0.136
33.260,0.573,0.172,-0.127
33.280,0.537,1.539,-0.032
33.300,0.730,1.999,0.145
33.320,0.780,1.999,0.116
33.340,0.664,1.999,0.061
33.360,0.605,1.999,-0.044
33.380,0.625,-0.687,-0.152
33.400,0.714,-1.585,-0.171
33.420,0.794,-2.000,-0.142
33.440,0.800,-1.967,-0.155
33.460,0.641,-0.469,-0.108
33.480,0.541,0.791,-0.082
33.500,0.623,1.999,0.013
33.520,0.659,1.999,0.080
33.540,0.757,1.999,0.083
33.560,0.665,1.999,0.040
33.580,0.604,1.402,-0.093
33.600,0.552,0.003,-0.147
33.620,0.738,-1.828,-0.180
33.640,0.835,-2.000,-0.150
33.660,0.792,-1.798,-0.177
33.680,0.696,-1.105,-0.144
33.700,0.550,1.391,-0.041
33.720,0.669,1.999,0.053
33.740,0.724,1.999,0.115
33.760,0.776,1.999,0.122
33.780,0.621,1.999,-0.040
33.800,0.546,0.718,-0.091
33.820,0.623,-0.545,-0.127
33.840,0.722,-1.480,-0.129
33.860,0.826,-2.000,-0.138
33.880,0.709,-1.538,-0.159
33.900,0.625,-0.619,-0.121
33.920,0.537,0.620,-0.088
33.940,0.667,1.999,0.099
33.960,0.757,1.999,0.131
33.980,0.719,1.999,0.090
34.000,0.654,1.999,0.031
34.020,0.541,0.125,-0.128
34.040,0.665,-1.031,-0.146
34.060,0.737,-1.752,-0.172
34.080,0.832,-2.000,-0.151
34.100,0.686,-1.196,-0.153
34.120,0.614,-0.063,-0.125
34.140,0.577,1.254,-0.058
34.160,0.651,1.999,0.046
34.180,0.787,1.999,0.120
34.200,0.681,1.999,0.083
34.220,0.625,1.999,-0.030
34.240,0.558,0.886,-0.103
34.260,0.712,-1.414,-0.171
34.280,0.782,-1.973,-0.166
34.300,0.832,-2.000,-0.140
34.320,0.750,-1.626,-0.168
34.340,0.549,0.495,-0.107
34.360,0.592,1.898,-0.006
34.380,0.661,1.999,0.082
34.400,0.765,1.999,0.152
34.420,0.831,-2.000,-0.150
34.440,0.803,-1.899,-0.161
34.460,0.700,-1.303,-0.140
34.480,0.626,-0.220,-0.118
34.500,0.632,1.999,0.038
34.520,0.710,1.999,0.099
34.540,0.774,1.999,0.141
34.560,0.732,1.999,0.073
34.580,0.570,1.052,-0.103
34.600,0.578,-0.328,-0.163
34.620,0.676,-1.334,-0.164
34.640,0.778,-1.900,-0.162
34.660,0.786,-1.699,-0.158
34.680,0.653,-0.863,-0.124
34.700,0.574,0.380,-0.117
34.720,0.571,1.752,-0.034
34.740,0.745,1.999,0.162
34.760,0.778,1.999,0.108
34.780,0.695,1.999,0.045
34.800,0.581,1.849,-0.079
34.820,0.603,-0.802,-0.161
34.840,0.746,-1.645,-0.137
34.860,0.843,-2.000,-0.164
34.880,0.796,-1.955,-0.155
34.900,0.628,-0.344,-0.119
34.920,0.562,0.925,-0.070
34.940,0.601,1.999,0.036
34.960,0.683,1.999,0.078
34.980,0.710,1.999,0.070
35.000,0.608,1.999,0.016
35.020,0.562,1.199,-0.106
35.040,0.583,-0.188,-0.156
35.060,0.782,-1.887,-0.163
35.080,0.837,-2.000,-0.156
35.100,0.783,-1.771,-0.160
35.120,0.666,-0.977,-0.134
35.140,0.582,1.587,-0.016
35.160,0.657,1.999,0.058
35.180,0.709,1.999,0.129
35.200,0.751,1.999,0.100
35.220,0.624,1.997,-0.046
35.240,0.552,0.571,-0.116
35.260,0.617,-0.693,-0.168
35.280,0.729,-1.568,-0.149
35.300,0.814,-1.958,-0.146
35.320,0.717,-1.477,-0.161
35.340,0.618,-0.469,-0.130
35.360,0.547,0.825,-0.100
35.380,0.684,1.999,0.100
35.400,0.775,1.999,0.130
35.420,0.751,1.999,0.096
35.440,0.635,1.999,0.013
35.460,0.538,-0.052,-0.159
35.480,0.656,-1.123,-0.131
35.500,0.772,-1.875,-0.169
35.520,0.819,-2.000,-0.156
35.540,0.681,-1.116,-0.138
35.560,0.588,0.084,-0.111
35.580,0.537,1.428,-0.031
35.600,0.648,1.999,0.060
35.620,0.753,1.999,0.113
35.640,0.687,1.999,0.065
35.660,0.600,1.999,-0.037
35.680,0.546,0.695,-0.093
35.700,0.709,-1.471,-0.157
35.720,0.799,-1.997,-0.168
35.740,0.823,-2.000,-0.148
35.760,0.756,-1.549,-0.156
35.780,0.602,1.999,-0.007
35.800,0.663,1.999,0.081
35.820,0.765,1.999,0.137
35.840,0.785,1.999,0.104
35.860,0.553,1.522,-0.080
35.880,0.556,0.101,-0.136
35.900,0.672,-1.079,-0.177
35.920,0.747,-1.799,-0.152
35.940,0.827,-1.865,-0.167
35.960,0.699,-1.197,-0.132
35.980,0.578,-0.057,-0.128
36.000,0.554,1.273,-0.037
36.020,0.568,-0.467,-0.155
36.040,0.716,-1.418,-0.129
36.060,0.811,-2.000,-0.147
36.080,0.814,-2.000,-0.160
36.100,0.665,-0.747,-0.139
36.120,0.555,0.495,-0.109
36.140,0.584,1.917,-0.021
36.160,0.657,1.999,0.085
36.180,0.758,1.999,0.106
36.200,0.635,1.999,0.033
36.220,0.576,1.656,-0.084
36.240,0.577,0.222,-0.122
36.260,0.756,-1.723,-0.176
36.280,0.844,-2.000,-0.142
36.300,0.801,-1.917,-0.156
36.320,0.716,-1.260,-0.142
36.340,0.582,1.123,-0.049
36.360,0.652,1.999,0.051
36.380,0.720,1.999,0.106
36.400,0.773,1.999,0.125
36.420,0.608,1.999,-0.008
36.440,0.558,1.033,-0.090
36.460,0.532,-0.254,-0.150
36.480,0.690,-1.319,-0.171
36.500,0.805,-2.000,-0.160
36.520,0.763,-1.698,-0.155
36.540,0.659,-0.849,-0.117
36.560,0.590,0.352,-0.088
36.580,0.658,1.999,0.071
36.600,0.736,1.999,0.142
36.620,0.758,1.999,0.109
36.640,0.685,1.999,0.063
36.660,0.525,0.375,-0.117
